{"cameraMode":{"drawMode":0,"name":"Shaded","section":"Shading Mode"},"sceneLighting":true,"audioPlay":false,"sceneViewState":{"m_AlwaysRefresh":false,"showFog":true,"showSkybox":true,"showFlares":true,"showImageEffects":true,"showParticleSystems":true,"showVisualEffectGraphs":true,"m_FxEnabled":true},"in2DMode":false,"pivot":{"x":41.168643951416019,"y":-0.4660677909851074,"z":87.7325439453125},"rotation":{"x":-0.029267368838191034,"y":0.9651615619659424,"z":-0.22884847223758698,"w":-0.12343395501375199},"size":2.363055944442749,"orthographic":false}